H_mean,S_mean,V_mean,frac_dark,area,circularidade,solidity,eccentricity,contraste,homogeneidade,lbp_var,classe,caminho
19.422032434507244,89.27252662892236,54.59360905863161,0.8021303137894635,10421.0,0.4282832622959125,0.9593114241001565,0.6424686676390324,211.6077434336964,0.8098609478902462,10.197184806932619,dark,img/coffee/dark\dark_001.png
27.636397276494968,66.44775014801658,59.890911782119595,0.7569567791592658,13512.0,0.8549643527642727,0.9880081895291021,0.6414556161122283,231.64073510570142,0.751890394034352,10.06549259790039,dark,img/coffee/dark\dark_002.png
31.580945292147376,69.51228135467063,51.012281354670634,0.7565128395980647,10748.0,0.5564349146570505,0.9617897091722595,0.6509993196778684,208.7027546444587,0.8120828450869714,10.268871722302409,dark,img/coffee/dark\dark_003.png
18.136709581051285,74.53495981221992,64.74962657372501,0.6583683050003556,14059.0,0.7820275883114107,0.9830093693189763,0.28473759781977465,238.39321748878925,0.7533086403602323,10.193909371023212,dark,img/coffee/dark\dark_004.png
32.823062194170625,59.354797532089925,65.72413304020992,0.6499539039784412,14101.0,0.3691838225113845,0.9435262629642021,0.5630083821450586,315.7478779628444,0.7510173797741962,10.252175958884278,dark,img/coffee/dark\dark_005.png
21.033294271730888,100.4992072792445,59.05218170538361,0.7883780244020128,14507.0,0.6967682587406874,0.9782857913547778,0.7660955418144534,236.97377482383087,0.7467033071855077,10.1195252818599,dark,img/coffee/dark\dark_006.png
20.74894569240038,79.16868921593941,63.381530252173164,0.6911954557190808,11619.0,0.7582442110535644,0.9805063291139241,0.553041473396209,193.9198030108905,0.7873069094614389,10.27913281427261,dark,img/coffee/dark\dark_007.png
25.849703703703703,94.5114074074074,66.39533333333334,0.7297777777777777,13500.0,0.7144048266458676,0.9719922240622075,0.3859328861730402,189.57202914798208,0.7575598332478055,10.48238474074074,dark,img/coffee/dark\dark_008.png
19.011954118297403,104.44997236042012,79.71303206191266,0.5168601437258153,14472.0,0.612681833234125,0.9731038192576654,0.6462767181694542,261.72661755285077,0.7338128194560576,10.00121696180207,dark,img/coffee/dark\dark_009.png
26.66709064699398,81.12083439328416,59.52980581701009,0.7461205800050877,11793.0,0.6725744769851996,0.9769695965537238,0.5475531132614524,192.48838885329928,0.7882295116780501,10.391716578459128,dark,img/coffee/dark\dark_010.png
16.33077724131402,108.81719208558175,51.069109154596234,0.7892644135188867,10563.0,0.824405968643701,0.9847114757154843,0.7659852690679221,175.05285073670723,0.810359280412747,10.43895141120028,dark,img/coffee/dark\dark_011.png
17.918025999834395,105.95967541608015,58.39662167756893,0.7730396621677569,12077.0,0.7772160760317027,0.9858775510204082,0.6119886336020353,194.5188180653427,0.7831954656485167,10.326725610525035,dark,img/coffee/dark\dark_012.png
19.428706059749317,116.12590707756102,57.12025256808972,0.8308359249835077,10611.0,0.8581297736835068,0.9805026797264831,0.3383745199755284,110.35698270339529,0.8101353156435052,9.55027616602587,dark,img/coffee/dark\dark_013.png
35.17485475774156,95.42625077556546,43.2325004230357,0.8301088611878843,17729.0,0.4425932257309028,0.9448915418643075,0.40792243345949103,271.5435217809096,0.7230167489034398,9.997642676150445,dark,img/coffee/dark\dark_014.png
21.862068965517242,85.0710511679644,69.81701890989989,0.641059510567297,14384.0,0.29767460614660374,0.9204581813527869,0.694144617673992,333.4513933376041,0.7367899346119609,10.15304204569779,dark,img/coffee/dark\dark_015.png
19.6180846541568,105.2246310803425,62.182000364365095,0.7366247646808769,16467.0,0.802841653535453,0.9822248732478378,0.715684565986765,160.425168161435,0.7152814570954081,9.875480122886943,dark,img/coffee/dark\dark_016.png
21.837414626020323,82.02698650674662,103.14825920373147,0.26036981509245377,12006.0,0.8611131263272663,0.9843404115766172,0.6118508421216662,169.28118994234467,0.7846081376089332,8.099276587482258,dark,img/coffee/dark\dark_017.png
29.111058376839107,71.96400885935769,69.75644676475241,0.654485049833887,12642.0,0.5458022455410713,0.9654803726897816,0.6163394674969859,235.47525624599618,0.7707484945741652,10.321244852433013,dark,img/coffee/dark\dark_018.png
27.73899331399016,81.70871704301753,76.73583953576384,0.5719061435599848,15854.0,0.657366468557492,0.967179111761835,0.6217331321913601,141.46536675208202,0.7240814599154624,9.975935518360432,dark,img/coffee/dark\dark_019.png
37.49886621315193,97.73261016118158,46.81589753018324,0.8024146595575167,16317.0,0.6829649171100434,0.9748476520492293,0.5697793470065333,259.532270980141,0.7259032869923265,9.939557945178727,dark,img/coffee/dark\dark_020.png
17.334832673623605,70.926172484107,74.75920594938228,0.4958618207988485,16674.0,0.801978526302121,0.9796709753231493,0.6973365588456265,138.83392056374123,0.7005046043171937,9.77338934165117,dark,img/coffee/dark\dark_021.png
17.09552361396304,115.63737166324435,54.522628336755645,0.8450924024640657,12175.0,0.8483264510014813,0.9811427189942783,0.6042759531845177,99.50084080717491,0.7839863315016441,10.132769554199747,dark,img/coffee/dark\dark_022.png
25.436211232187762,76.55046102263202,55.603101424979045,0.8160938809723386,11930.0,0.6733587479520845,0.9786710418375718,0.6127507954203182,162.50252242152467,0.7902286780102303,9.807051499772705,dark,img/coffee/dark\dark_023.png
29.34278867948967,107.13088530535587,80.61608704099476,0.5126610970792047,15441.0,0.8153561541908494,0.9829397160863199,0.587836797565699,143.23522581678412,0.7265633389492042,10.181092762869431,dark,img/coffee/dark\dark_024.png
28.813315233429734,114.80452104113793,35.676857699344865,0.9076904916484684,16943.0,0.8305336129721127,0.9808950384993921,0.6606967496812768,202.4535954516336,0.7200812049187585,10.100461933656067,dark,img/coffee/dark\dark_025.png
17.7745947983415,116.90727478326423,56.03407463249152,0.8333207689408217,13265.0,0.8160930234993371,0.977740104665733,0.5063171343261443,86.81125880845616,0.7749258450417641,9.784896103650697,dark,img/coffee/dark\dark_026.png
23.43725877004889,86.31820910884295,66.27738227978386,0.691139891928982,11659.0,0.651461067877982,0.9767110664321018,0.5223315058784015,224.86467008328003,0.7850781545637526,9.939601057676652,dark,img/coffee/dark\dark_027.png
22.068744085440045,81.73719075300798,80.23577125861836,0.48573746113289173,14794.0,0.6929832026824638,0.9654767343209554,0.7725226692966273,268.8608263933376,0.7269030573824288,9.744733591469299,dark,img/coffee/dark\dark_028.png
28.760847706705857,64.86944079201794,67.11246036043003,0.6346198468559053,12929.0,0.3898555048504198,0.9161057181322185,0.5389680682805894,244.25432415118522,0.7662063480136843,9.909927851285053,dark,img/coffee/dark\dark_029.png
22.413382899628253,106.14147636749867,64.0387679235263,0.7169410515135423,9415.0,0.8540802253447988,0.9824689554419284,0.6358571014272694,126.77974855861629,0.8289886586728819,9.800022573891845,dark,img/coffee/dark\dark_030.png
20.704638833664678,67.48124585818422,67.27561298873427,0.6801192842942346,15090.0,0.2777710659924338,0.9407730673316709,0.708263893000798,352.8315182575274,0.7245681201813648,10.500761813040466,dark,img/coffee/dark\dark_031.png
19.71258891861907,127.82529530770736,61.84657051491222,0.7363440579520981,15323.0,0.7748079172009024,0.9677887955535907,0.6766172332093078,159.05453235105705,0.7299818364775215,9.794846382341712,dark,img/coffee/dark\dark_032.png
21.846975088967973,105.38827894298478,70.30900280154464,0.6613916862270008,13207.0,0.7430102129966502,0.9623988923704729,0.7397140967615905,133.84541159513134,0.7645356223507142,10.099727957912695,dark,img/coffee/dark\dark_033.png
18.813243526941918,116.63243526941918,69.58563680895732,0.6159902029391182,11432.0,0.612306997784038,0.9720261882492985,0.6034345174359839,218.74903907751428,0.7940941402673124,10.209396436885939,dark,img/coffee/dark\dark_034.png
19.703533308796466,90.67770825665562,68.7154336891179,0.6121948227211386,16302.0,0.42376328794441503,0.9621104815864022,0.6799961503327839,291.74259288917375,0.7113019831558167,10.152596842468604,dark,img/coffee/dark\dark_035.png
22.513857002295836,67.26902263037061,60.508773368317485,0.7268776648081338,12196.0,0.38479316127938895,0.9227510024967844,0.5435272377325212,198.52958840486866,0.7849863383170433,10.211078640809491,dark,img/coffee/dark\dark_036.png
19.552008238928938,98.2930827325781,60.820545829042224,0.7540336422931686,11652.0,0.8716962983375643,0.9871230091494408,0.5854944167380042,177.72954035874437,0.7885357248967599,10.435752864657632,dark,img/coffee/dark\dark_037.png
18.92503321313342,112.94913645853103,62.897513759726706,0.7001328525336876,10538.0,0.8380765767498538,0.9853202431042544,0.7206466777983747,149.964966367713,0.8074897060137456,9.916113798822801,dark,img/coffee/dark\dark_038.png
18.07945002469949,102.19232669191503,65.25629836983369,0.7157912069817224,12146.0,0.8709811653630215,0.9865973519616603,0.5853734696325712,172.37860345932097,0.7803889846034365,9.868431096937966,dark,img/coffee/dark\dark_039.png
18.958080485467903,102.33375918236985,60.04064196742255,0.7985467901628872,12524.0,0.8484987321503392,0.9806593062407016,0.5397103487079694,93.83720371556696,0.7803517777168222,9.460597530735239,dark,img/coffee/dark\dark_040.png
19.35808383233533,94.4759422331807,68.69651285663966,0.665868263473054,14195.0,0.2987924269961685,0.9351119894598156,0.6694591389859058,292.9728139013453,0.7370974563987591,10.298099576906523,dark,img/coffee/dark\dark_041.png
25.955254041570438,83.42956120092379,51.426385681293304,0.8290993071593533,10392.0,0.40116893428230793,0.9560257589696413,0.7416471034047389,205.2972053171045,0.8158584926365251,10.170478362508378,dark,img/coffee/dark\dark_042.png
34.19428103358403,67.8283565418125,65.57755603544568,0.7051902598853228,13429.0,0.14188042932889783,0.745931233683275,0.7570274742388633,402.5116111467009,0.7585392464481732,10.099327074313734,dark,img/coffee/dark\dark_043.png
22.113264495631455,86.16616362192217,60.480301826846706,0.7377283558379666,12590.0,0.8338424920040811,0.9862133792887358,0.7153517814745487,202.86847373478548,0.7762309419485548,9.708555266260841,dark,img/coffee/dark\dark_044.png
19.90012180267966,94.44080389768575,53.20316686967113,0.7992691839220463,8210.0,0.6443308793228589,0.9752910430030887,0.520066058412172,122.2084401024984,0.8532001290635882,9.935588028027968,dark,img/coffee/dark\dark_045.png
31.98825174825175,70.62500699300699,78.68285314685315,0.5669370629370629,17875.0,0.5111611011926953,0.9639756242247749,0.695591826740425,367.43661915438815,0.675131603535992,10.441368399432736,dark,img/coffee/dark\dark_046.png
21.969179301017867,92.88881770944552,70.1533917004769,0.6213253612356752,14049.0,0.8402606899640284,0.9820355095764015,0.49345084238899295,169.2729820627803,0.7458124242518251,9.945571573894226,dark,img/coffee/dark\dark_047.png
20.4512462108454,81.04277534523409,59.161249578982826,0.7332435163354665,11876.0,0.24708358917894088,0.9115750690819773,0.7721372025433434,304.4409433055734,0.7842775633151128,10.443491241764997,dark,img/coffee/dark\dark_048.png
19.95789763346175,93.31356631810677,64.33695652173913,0.6159190974133186,14536.0,0.3024943949172891,0.930780559646539,0.697388949697892,338.0669442664958,0.7386171080976829,10.531225337832414,dark,img/coffee/dark\dark_049.png
23.497935139074457,93.84635005465809,65.08040811368882,0.7172355156079193,16466.0,0.8307890587224642,0.9819309440038165,0.6109378105344625,134.9304532351057,0.7126895167104784,9.863903991203367,dark,img/coffee/dark\dark_050.png
33.56287137626793,83.99579857151431,41.67048796590841,0.8583518396254727,16661.0,0.42578151932479036,0.9217194069484399,0.3838044178974102,237.44650864830237,0.7332607488604457,10.05221781167556,dark,img/coffee/dark\dark_051.png
24.100596619158104,84.79400066291018,55.49776267815711,0.7710473980775605,12068.0,0.8307238415858029,0.9862700228832952,0.7216505944629255,243.21264413837292,0.7801356683774784,10.484294740312023,dark,img/coffee/dark\dark_052.png
24.84563080033079,90.73564274556648,61.26435725443352,0.7444638426904346,10883.0,0.8535047523783503,0.9828411451277883,0.5478094188976174,114.9724135169763,0.8106005911337649,9.380532584816228,dark,img/coffee/dark\dark_053.png
22.57672158530104,88.61270974109787,66.69364512945107,0.6485460481360565,13171.0,0.424365771653166,0.9487825961676992,0.32861058213716854,250.06998718770018,0.7620232286156402,10.276049375829949,dark,img/coffee/dark\dark_054.png
19.872623125073815,127.18507145387977,48.18164639187434,0.8396126136766269,16934.0,0.7633901640017142,0.9818519162752942,0.7062388163232834,197.76689622037156,0.713074570546061,9.94171732720265,dark,img/coffee/dark\dark_055.png
25.60030165912519,84.91998491704373,75.8870286576169,0.5613122171945701,13260.0,0.5125533536406542,0.9701492537313433,0.6355571485512482,304.14125560538116,0.7537886027003352,10.29829171301889,dark,img/coffee/dark\dark_056.png
29.17191238726302,99.23093441315419,40.27222528989508,0.8695625498496841,16299.0,0.7751599165098237,0.9841796992935209,0.6297776767666763,274.1170723894939,0.7323426531060652,10.130209652995891,dark,img/coffee/dark\dark_057.png
33.51236191478169,64.89078116780642,71.85053918990005,0.6133613887427669,15208.0,0.48222584192505075,0.9652195988829653,0.4124903793852355,322.19150384369004,0.7306055979866648,9.88270148245573,dark,img/coffee/dark\dark_058.png
17.952302395639077,81.78869602639506,65.49691579400373,0.6719982785826998,13942.0,0.5092492762340506,0.9665834719911259,0.5154788031425223,180.41355701473412,0.7567335912154647,9.588015629066469,dark,img/coffee/dark\dark_059.png
31.289820266501394,83.70010845986985,52.722497675859934,0.8551286024171056,12908.0,0.8701810963368715,0.9812238692512353,0.2995901318050221,136.86779308135812,0.7792137054539425,10.063603246315441,dark,img/coffee/dark\dark_060.png
20.105304090838388,91.1098149012288,68.34958780525743,0.6850987711930315,12858.0,0.6756646881181078,0.9606993424985056,0.7386576221847958,112.19182415118513,0.78466881587061,8.360800498576879,dark,img/coffee/dark\dark_061.png
34.01568248989686,77.10519331684661,75.84335605283793,0.5600458411243139,16579.0,0.15902805369325382,0.8608889812026171,0.30694898968138107,344.59028667520823,0.720732597409193,10.0303145082976,dark,img/coffee/dark\dark_062.png
21.759353896696478,79.28098193100931,60.30881547727687,0.7389122102573462,10958.0,0.8581673587912598,0.9849002336868596,0.5938542524719632,203.4058295964126,0.8013513223280921,10.208060245025884,dark,img/coffee/dark\dark_063.png
31.56576608602915,97.4104159260576,44.45526721175495,0.7938144329896907,16878.0,0.3275045112824568,0.9414323962516734,0.44184746025329313,252.9652866752082,0.7418951920004179,9.801196003534058,dark,img/coffee/dark\dark_064.png
38.11611489776047,73.89575219084713,73.48807205452775,0.5895204479065238,16432.0,0.2982689143780821,0.9380601701204544,0.7049282467944573,328.9005044843049,0.7122254336944701,9.792566765817332,dark,img/coffee/dark\dark_065.png
26.679316640584247,77.08118153364632,58.72157016171101,0.7738002086593636,15336.0,0.6940102782321496,0.9811272471370993,0.7657031727252228,246.60958520179375,0.7232336075695128,10.332450432516465,dark,img/coffee/dark\dark_066.png
37.05978770673908,49.70456677363614,80.23979264379166,0.5553690446803259,20255.0,0.1490157008065201,0.889821201071915,0.5636830763828955,478.2059977578476,0.639652890821794,9.94838344799194,dark,img/coffee/dark\dark_067.png
17.75212964886765,96.47046194334787,76.41311725188724,0.576563473924787,14439.0,0.7653579545669843,0.9816438914950031,0.5133733680482107,219.66563901345293,0.7411569391019717,9.433821560477805,dark,img/coffee/dark\dark_068.png
19.35211633341989,93.92841686142127,51.383882974119274,0.8339825153639747,11553.0,0.8626694660362069,0.9868454770650038,0.5918731658415525,156.49559577194108,0.794347390868879,10.036008188066141,dark,img/coffee/dark\dark_069.png
29.795715378729916,96.869251041401,35.46892799455921,0.9160928334608518,11763.0,0.8656943175065479,0.9847634993721223,0.5084933709414419,121.52498398462521,0.8092489170226531,9.998740375035243,dark,img/coffee/dark\dark_070.png
18.8336852882831,75.05541690663595,63.09739553337173,0.7127407691815447,15627.0,0.3831457672570586,0.9547870715464043,0.7065468977186617,274.4218049327354,0.714382308181779,10.192303432770512,dark,img/coffee/dark\dark_071.png
20.38520208140281,98.95316843680946,34.794354551286624,0.8798203720863925,14029.0,0.4824803523088582,0.9555888563449356,0.45613044889910265,225.02650544522743,0.7788126126116315,10.12514807405275,dark,img/coffee/dark\dark_072.png
18.41928079571538,96.41917878092323,86.44779393011987,0.3901555725580209,19605.0,0.7570585313278679,0.9781957888434288,0.6831724980011216,272.97021140294686,0.64261330560289,9.686457471298908,dark,img/coffee/dark\dark_073.png
23.184278572659885,77.28029650060334,63.94182037579728,0.6933287364247543,11602.0,0.2870782297845594,0.9123938345391632,0.7004476982036906,280.011571108264,0.7845982306811654,10.257189665359459,dark,img/coffee/dark\dark_074.png
24.654613661230655,66.86062626999427,82.19048611472932,0.535716146511749,19193.0,0.2619381944048166,0.9270637105733469,0.5319792475605133,436.24519538757204,0.659453051641925,10.100438544268691,dark,img/coffee/dark\dark_075.png
33.06427022868732,65.37121477026365,58.23281348346038,0.7443177844604518,14299.0,0.6038355365082547,0.9773084546510833,0.5851636813541455,174.6607142857143,0.7558273233042488,9.768967160701399,dark,img/coffee/dark\dark_076.png
15.99444852641032,104.96228263531717,52.90676789942036,0.8722344681198465,12249.0,0.8408760194112019,0.9812545061283345,0.3680879250929721,88.6189141575913,0.7867652900557853,9.841359270042528,dark,img/coffee/dark\dark_077.png
17.135792607653766,114.81555442596762,61.582455885556605,0.7086631326701038,13771.0,0.8190811836935472,0.9797239612976665,0.5213501941184414,240.96648782831522,0.7525195404546425,10.440782617669614,dark,img/coffee/dark\dark_078.png
27.253429951690823,83.42086956521739,63.44608695652174,0.7292753623188406,10350.0,0.761398158925622,0.9806708357021034,0.6679488543232597,166.75064061499043,0.8117320067827692,9.963500375738057,dark,img/coffee/dark\dark_079.png
17.37602910204863,107.2952326249282,57.03733486502011,0.8048056672410492,10446.0,0.8422807420975618,0.9810293012772352,0.6153541969155186,216.17468770019207,0.8081628652842687,10.572936345885253,dark,img/coffee/dark\dark_080.png
23.414246852660213,86.24217118997912,39.27886379452141,0.8820142974631492,15807.0,0.6969229811944433,0.9785798303720671,0.46170073125377226,267.93253523382464,0.7386363219834872,10.485033851727843,dark,img/coffee/dark\dark_081.png
21.56370166913163,64.55482780477499,71.9200647932953,0.57497006831467,14199.0,0.4735552638211991,0.9575156787376088,0.5369084688914613,261.1700832799487,0.7600809858365086,10.019816786237415,dark,img/coffee/dark\dark_082.png
28.44402985074627,101.90514532600157,50.44632102644671,0.8045954438334643,15276.0,0.5861533149216489,0.9634207870837538,0.5953315705000093,228.10694266495847,0.7309424193110019,10.325552793597373,dark,img/coffee/dark\dark_083.png
17.32213427796535,86.98605191786129,85.10892787955942,0.46399512924115793,18067.0,0.5614044916781923,0.975908820828607,0.6637189656624024,203.71068225496478,0.672989666249692,8.68186122178405,dark,img/coffee/dark\dark_084.png
20.475425330812854,72.18884688090738,68.2393824826717,0.6251417769376182,15870.0,0.29398352600774025,0.9193604449078902,0.43759473432469576,295.854740550929,0.7198765290782255,9.901502754143326,dark,img/coffee/dark\dark_085.png
20.93111897631364,105.69970051728832,67.20782285143842,0.6844541246937108,11019.0,0.8705662668687609,0.986569970453935,0.6227020543070165,135.62544042280592,0.8021918516700138,9.347771923885547,dark,img/coffee/dark\dark_086.png
20.45704839846079,100.4726031109425,77.95664191642729,0.5039835239282424,18451.0,0.8139289974018306,0.9721285563751317,0.5873859918353892,165.62564061499046,0.6655252457920202,10.251079827272989,dark,img/coffee/dark\dark_087.png
18.41928079571538,96.41917878092323,86.44779393011987,0.3901555725580209,19605.0,0.7570585313278679,0.9781957888434288,0.6831724980011216,272.97021140294686,0.64261330560289,9.686457471298908,dark,img/coffee/dark\dark_088.png
17.70196923076923,94.96566153846153,76.76947692307692,0.5297846153846154,16250.0,0.6181458903461678,0.9729956290042513,0.5705628919093979,133.55337123638694,0.7130490115186511,9.25393999147929,dark,img/coffee/dark\dark_089.png
18.964735516372794,94.20931177378728,68.35825140164134,0.6512553831153003,12307.0,0.6952297800791339,0.9786878727634195,0.7458696979706388,266.99939942344656,0.768797366595016,10.509355529244782,dark,img/coffee/dark\dark_090.png
35.616817997018565,75.33297194741834,64.27605366580838,0.7051768532321453,14758.0,0.15300228245963962,0.8593722704245036,0.7116757006571784,383.3850096092249,0.7347320999106169,10.099152155107872,dark,img/coffee/dark\dark_091.png
23.576327741217906,86.45082954861432,65.91250347576235,0.6677171192881639,10789.0,0.5028263318995545,0.9643367894172328,0.7087127415490849,162.55265054452275,0.8114219798600357,10.14061738405133,dark,img/coffee/dark\dark_092.png
27.239519547809703,94.83953524886168,68.45862772805778,0.7031716124980374,12738.0,0.520329152498203,0.9698492462311558,0.5879732676993973,158.36591127482384,0.7767529023217767,9.698379666967597,dark,img/coffee/dark\dark_093.png
17.288808966209434,111.51547340247575,54.279106724657076,0.8362328537972566,11956.0,0.8863845219991237,0.9872832369942196,0.4043780756755817,124.57695387572069,0.7849742794446034,10.503969053027154,dark,img/coffee/dark\dark_094.png
19.606972548008763,80.22889547622117,71.05516174764789,0.6413841989947158,15518.0,0.8174000073498493,0.9788683529931244,0.5778981523564327,159.89477898782832,0.7253849813135899,10.16347295370072,dark,img/coffee/dark\dark_095.png
27.412397573028084,93.49077375367486,79.47482329392632,0.5689622818540064,15987.0,0.5206354295088865,0.9696142649199417,0.7129939460678606,245.32535233824473,0.7108870127847778,10.102120104316791,dark,img/coffee/dark\dark_096.png
25.681295715778475,78.18384657938411,70.02304997234003,0.6307087098162149,16269.0,0.576259783575075,0.9727354260089686,0.7418452811517128,340.50252242152476,0.7003581587336777,10.363835464165776,dark,img/coffee/dark\dark_097.png
30.717782340862424,70.98398357289528,59.30439425051335,0.7441478439425051,12175.0,0.8789170226761321,0.9853512463580447,0.535329845434881,181.35081678411277,0.7912601440698827,9.826959010663282,dark,img/coffee/dark\dark_098.png
21.97949944477663,74.04322200392927,58.66250960963526,0.7934569061245409,11707.0,0.8624118475781941,0.9860186978859597,0.6785067366616969,105.82347053171047,0.7941307402965057,9.622349971360528,dark,img/coffee/dark\dark_099.png
19.50388647866956,81.30974331164136,65.16964931308749,0.6927874186550976,11064.0,0.5875908029646267,0.9590014735199792,0.6565281088772079,171.45019218449715,0.7949226105095255,9.928310997958896,dark,img/coffee/dark\dark_100.png
19.10847701149425,96.76235632183908,73.06903735632184,0.5829022988505748,13920.0,0.7591184943875775,0.983954195235739,0.5884806459181592,257.23434497117233,0.744165513840106,10.270943982031975,dark,img/coffee/dark\dark_101.png
17.0495836246901,88.0614709808658,69.1580319115123,0.6399466022503337,15731.0,0.8301269825680032,0.9815311661571099,0.6434582086318902,213.67196508648306,0.7101324553490732,10.23343603000676,dark,img/coffee/dark\dark_102.png
14.631315430131998,94.06971627977545,61.23532089212563,0.7414656349567592,13182.0,0.2201886678640448,0.8945439739413681,0.7635687798629969,251.53211082639325,0.7627027172549018,10.309893123317428,dark,img/coffee/dark\dark_103.png
37.12111429937829,67.3201219512195,70.24384265901483,0.6129842180774749,16728.0,0.31836963328786066,0.9418918918918919,0.6801464359646594,350.56153907751445,0.7016880027562495,10.491705287812014,dark,img/coffee/dark\dark_104.png
28.336322251345013,72.30721478824665,66.20554559249551,0.6669885501448476,14498.0,0.27553055566189755,0.9203326350536406,0.3709819415286571,293.8238709160795,0.7443270295977896,10.475512707895394,dark,img/coffee/dark\dark_105.png
18.520514581902205,91.00693186785736,69.8102791481921,0.6113782551676763,16013.0,0.798984919488661,0.9765810819052265,0.5584095015819467,157.90062459961564,0.7173574124846493,9.90532614969378,dark,img/coffee/dark\dark_106.png
38.3889607868513,60.11246279280445,68.65478193348001,0.6521936068331824,15454.0,0.23582296462158003,0.8883651414118188,0.6091753075656292,396.93017296604745,0.7275710117043301,10.499191709000536,dark,img/coffee/dark\dark_107.png
21.0281269446173,98.15756067205974,73.450591163659,0.5977598008711885,16070.0,0.6639793820015193,0.977434462623928,0.481764095487658,214.009529147982,0.7140574477553122,10.552877071338099,dark,img/coffee/dark\dark_108.png
18.870199046818055,90.89430894308943,59.5363050182226,0.7358190823287544,10701.0,0.6214794267455747,0.9734376421359047,0.5508016417707858,153.54724535554135,0.8095926817328304,9.70877989694668,dark,img/coffee/dark\dark_109.png
33.22855871320491,59.871892682306566,63.19397291626931,0.7015067709326721,15729.0,0.30755662305700043,0.9236054022313565,0.5468140354069907,277.5592568866112,0.7389756141240126,9.89449085706821,dark,img/coffee/dark\dark_110.png
20.929323642835953,92.20060812815188,73.28708098487095,0.6242954612874518,13484.0,0.32337383124955277,0.9201583185478368,0.590783335760595,224.3255124919923,0.7570763296001327,9.671677259955677,dark,img/coffee/dark\dark_111.png
16.974187107815172,97.62114945807188,70.77987735310896,0.6145179691956646,14024.0,0.8332493428285821,0.9774184555338723,0.5656937681931932,132.99275304292124,0.749711000032874,9.994425369198398,dark,img/coffee/dark\dark_112.png
19.42394504416094,102.07286555446517,67.96933267909715,0.6830225711481845,12228.0,0.8613299580952766,0.9858905103603967,0.6225382056776083,193.19210442024354,0.7743363614571022,10.540744393220555,dark,img/coffee/dark\dark_113.png
16.299502730904052,96.28181299421212,83.56118040270646,0.3932501834189288,12267.0,0.8341319738251582,0.9790885146460212,0.6440252219711843,125.32214926329277,0.7819877062461965,8.220923664784195,dark,img/coffee/dark\dark_114.png
20.437280187573272,82.14618089999098,47.68401118225268,0.854630715123095,11089.0,0.7486000836578346,0.9813274336283185,0.5506991160598411,142.43309577194108,0.8097059002378633,10.065628313392619,dark,img/coffee/dark\dark_115.png
27.70421567129983,87.7377424774706,59.31976477776081,0.7027646250190928,13094.0,0.38312624650391036,0.9424890232491182,0.6943423021023035,278.1489429852659,0.7683639618561062,10.288003804148214,dark,img/coffee/dark\dark_116.png
25.176731048171614,78.3169707611268,65.88365524085808,0.6970761126803573,13099.0,0.6454485829494496,0.976080476900149,0.723489462593296,252.2537636130686,0.7640870341634638,10.146961868504123,dark,img/coffee/dark\dark_117.png
31.012498162034994,74.35509483899426,51.21915894721364,0.7603293633289222,13602.0,0.8578543156917164,0.9820938628158845,0.33155322232471446,173.26557495195397,0.7823110500915508,9.551694212954358,dark,img/coffee/dark\dark_118.png
25.462808496001376,75.78622409493508,65.76421016424456,0.6731447243959068,11629.0,0.2573465535007333,0.9199430424808164,0.633524815437224,236.47537636130684,0.7898776500113556,9.93710671444541,dark,img/coffee/dark\dark_119.png
27.245051995974507,97.24496813149949,57.92083193559208,0.7551157329755116,11924.0,0.46671541647666553,0.9646468732303212,0.6936640510226337,309.5217408712363,0.7819633266779803,10.758743624077393,dark,img/coffee/dark\dark_120.png
27.834183673469386,81.10031715388858,77.27282129067844,0.5404715940430226,14504.0,0.3903980579405675,0.9505210039976407,0.7207168014294295,295.0355541319667,0.7403588835465934,10.200203549037122,dark,img/coffee/dark\dark_121.png
28.466001641517774,76.65262958520108,61.27413346802197,0.7550350400909148,15839.0,0.48930958731615043,0.9565768812658534,0.6709648763154158,328.7184897501602,0.7145115764529322,10.484035532732795,dark,img/coffee/dark\dark_122.png
30.183582880614814,104.72684510401484,78.12495031138201,0.5923545779780045,15094.0,0.6806570343427778,0.9733041011091049,0.5385413764708203,252.3250320307496,0.7295455069605734,10.58297623484325,dark,img/coffee/dark\dark_123.png
19.789882935999316,102.52789882936,71.64820986071948,0.5987353669999146,11703.0,0.8496079694152389,0.9844380888290714,0.6482585993239217,210.0297085201794,0.7863472551823394,10.108402098013737,dark,img/coffee/dark\dark_124.png
21.36963570474919,90.65697119969484,46.467575815372875,0.8554262826625978,10486.0,0.6291568750097951,0.9739921976592978,0.626906192435548,166.6856582319026,0.8128808014612067,10.520136627862245,dark,img/coffee/dark\dark_125.png
18.331198536139066,100.54305809698079,39.907021957914,0.8792886550777677,17488.0,0.7156876017468711,0.9797747772984481,0.621597276832332,150.53263132607307,0.7297595226414741,9.886065040730582,dark,img/coffee/dark\dark_126.png
15.290618712273641,78.97101358148893,68.62525150905432,0.6628521126760564,15904.0,0.8389699003113004,0.9841584158415841,0.6379938808331278,160.52862748238311,0.7134647816826581,10.170811273577074,dark,img/coffee/dark\dark_127.png
17.31025673776983,106.96327755779794,55.68342061565973,0.8167709796908929,15658.0,0.791692430419648,0.9778305127084244,0.7128386645813105,106.89930333119796,0.7281575073534907,9.843265756659857,dark,img/coffee/dark\dark_128.png
24.62051595176309,108.92657609525263,36.00183178140742,0.8612425583880323,19653.0,0.8672233757571576,0.9863488080301129,0.4797174223048147,223.92785073670717,0.7014260551221663,10.027225333639288,dark,img/coffee/dark\dark_129.png
34.6269183277474,73.15934615158464,46.428294231786914,0.8081966249191509,17007.0,0.1945622423562042,0.900412960609911,0.43309921788702344,320.92797085201795,0.7204529290538022,10.374792377333454,dark,img/coffee/dark\dark_130.png
29.453933627291715,69.76305407287073,59.73605631623733,0.6495706660478069,12927.0,0.668040294385793,0.9755490151686665,0.7637045264284573,279.6387732222934,0.7750995907698216,9.989203752996376,dark,img/coffee/dark\dark_131.png
18.041761181876346,130.41458733205374,79.57314023148956,0.42587099400918976,17193.0,0.7912838976469349,0.9758769440345102,0.6892569511083547,144.71993113388854,0.7004129014640581,9.735148163383863,dark,img/coffee/dark\dark_132.png
29.369934305946593,75.75633478372153,67.59372067229758,0.6728094872451156,11721.0,0.8358197938161438,0.9811652435961828,0.648955221155216,140.5736306854581,0.7900864760160382,9.619695124044815,dark,img/coffee/dark\dark_133.png
20.611269035532995,88.64142131979695,45.51908629441624,0.8889340101522842,9850.0,0.8759636927562594,0.9862821668168619,0.5908330659426452,122.72157270980145,0.8214374345658629,10.450195995774177,dark,img/coffee/dark\dark_134.png
17.958349705304517,113.06123117223314,85.87334643091029,0.4297314996725606,15270.0,0.4058260205696019,0.9436410826844642,0.6317391434011271,208.9055493273543,0.728414801197427,9.292190134445299,dark,img/coffee/dark\dark_135.png
21.270154740531762,94.71343079422074,65.27135162862272,0.6689749508420962,11697.0,0.8197639425890855,0.9855915065722952,0.7438065249407309,170.8532591287636,0.7870433091784199,9.847157322080461,dark,img/coffee/dark\dark_136.png
18.41928079571538,96.41917878092323,86.44779393011987,0.3901555725580209,19605.0,0.7570585313278679,0.9781957888434288,0.6831724980011216,272.97021140294686,0.64261330560289,9.686457471298908,dark,img/coffee/dark\dark_137.png
19.820690223210608,61.35351289020674,62.30071658018285,0.6765505312577218,12141.0,0.5863676692674037,0.9706587783818357,0.5757212066935201,163.05337123638702,0.7914571532208354,9.503891434174655,dark,img/coffee/dark\dark_138.png
21.882396032908826,83.76732784852925,70.72106390172434,0.6594725571959879,17746.0,0.836335384713638,0.9811466799358656,0.4536642214256409,124.34801409352983,0.7009341614507297,9.939283450812077,dark,img/coffee/dark\dark_139.png
17.306574394463667,116.26136101499424,53.58523644752018,0.9079584775086506,13005.0,0.84247967770046,0.98314182038101,0.6551134695594968,76.21969090326712,0.7738876633715672,10.227934903929683,dark,img/coffee/dark\dark_140.png
19.598965679360603,100.32863187588153,52.792665726375176,0.8224729666196521,10635.0,0.6772150866979649,0.9721206581352834,0.6850125418925719,175.01857783472133,0.8067512051175836,10.071429528203108,dark,img/coffee/dark\dark_141.png
25.426407125149204,81.5083096134423,52.45055550454504,0.8164539528050684,10891.0,0.4423487856350083,0.9475378458326084,0.670234078822443,203.03943786034588,0.807426338376313,10.27923376017011,dark,img/coffee/dark\dark_142.png
33.608155646492925,85.60521214731854,85.62129370378348,0.480651877378132,13929.0,0.8549491389464822,0.9789162977018765,0.3990637783614802,167.27402306213966,0.7577125023107636,8.947655706180985,dark,img/coffee/dark\dark_143.png
29.056143205858422,60.1984269053431,81.40564144290751,0.518741524274478,18435.0,0.696994025024544,0.9789708459455154,0.7527179611611131,359.9840647021141,0.6648126513480624,10.561717067325958,dark,img/coffee/dark\dark_144.png
20.915771722730096,79.31303807579657,51.543356705422916,0.8088222241945504,11267.0,0.8335066534726611,0.9813605086664925,0.5469219764324842,125.74207238949393,0.8072552693117102,10.327394189476381,dark,img/coffee/dark\dark_145.png
30.98319577222255,90.42075886230033,47.58707915206936,0.8087405736001425,16841.0,0.5208525405199893,0.9644370633375329,0.4890653332376442,285.2891575912877,0.7166386302778647,10.126632363897713,dark,img/coffee/dark\dark_146.png
23.51718257013729,96.09107188539268,60.131406156732325,0.7821267161251813,11727.0,0.8750556746254342,0.9879528222409436,0.5567857964510351,165.13649103139014,0.7902568519907416,9.92747803525341,dark,img/coffee/dark\dark_147.png
15.924377163804222,89.51340710067205,60.279003462086756,0.8495010522028376,14731.0,0.8351551992391709,0.984955870553624,0.6964967449672197,114.51421364509932,0.7383551553259788,9.770537731614821,dark,img/coffee/dark\dark_148.png
18.638350072836005,108.4989649620486,71.67967492141379,0.6321398451276546,13043.0,0.580413541766656,0.9766379633096218,0.7580989816008258,238.5574551569507,0.7589797899628551,10.28098545984484,dark,img/coffee/dark\dark_149.png
20.34680726420621,79.21192149970709,71.78339191564147,0.5675161101347393,20484.0,0.8174771676894117,0.9794396098307354,0.5222516592168045,143.9447069186419,0.6505238494219687,9.382991503582453,dark,img/coffee/dark\dark_150.png
20.882760794201072,122.16947683580209,76.00063031831074,0.5230854081311062,12692.0,0.4523140962556854,0.945611682312621,0.40108122435476984,190.2957238949392,0.7771927867844796,9.994752117093793,medium,img/coffee/medium\medium_001.png
20.38319147177919,123.54491364350054,78.57672919593422,0.5431782497314271,12101.0,0.4412739289934402,0.9550153894720227,0.6244786405309888,182.0696268417681,0.7807157453188472,9.86318599163866,medium,img/coffee/medium\medium_002.png
17.919583871212698,144.09886855493963,117.79360619637026,0.16500873262966056,13169.0,0.42945333576692946,0.9427303314482067,0.5876861623626518,309.4111146700833,0.7584619810797874,9.420931662980113,medium,img/coffee/medium\medium_003.png
20.483402489626556,141.77781969068275,73.0864768012071,0.6514522821576764,10604.0,0.6743253858443377,0.9740056948654359,0.7158553950921938,88.43409673286354,0.820502930493856,9.12211536723934,medium,img/coffee/medium\medium_004.png
19.588494913225613,120.00979952124476,89.55498204667863,0.37933871932974267,13368.0,0.8281869394135113,0.9779078273591807,0.6277827371430289,272.1836162716207,0.7539157417278445,10.098019565646375,medium,img/coffee/medium\medium_005.png
20.141589958158995,121.3994979079498,80.98267782426778,0.4876150627615063,11950.0,0.6879142022353333,0.9777450499099983,0.6038022840152306,146.18005285073673,0.7852421434996893,9.61949734073283,medium,img/coffee/medium\medium_006.png
22.602073678422748,130.86654622574818,57.67763726337287,0.8210666876129133,12731.0,0.8295143792924761,0.9754060680355501,0.4792703374069536,104.56622357463168,0.7832210451556145,9.819099367620085,medium,img/coffee/medium\medium_007.png
18.949706015377657,129.00515603799187,52.552781546811396,0.8287652645861601,11055.0,0.871470530852922,0.9840662275235891,0.43921804184368074,119.1690422805894,0.8103232130560458,9.824782996738687,medium,img/coffee/medium\medium_008.png
18.476020808095203,145.82291740896457,50.260457493052094,0.8342478443668496,14033.0,0.7807181022332754,0.9847028278717282,0.3903501859342604,134.78615470852017,0.7740449103984358,9.881997026798347,medium,img/coffee/medium\medium_009.png
21.31140415500221,125.52644762045087,87.17459849712687,0.3883158980403713,13574.0,0.5284685577143853,0.9571962485015161,0.6023101937812237,182.77466367713012,0.7522246626873019,9.722288636769056,medium,img/coffee/medium\medium_010.png
18.475598409879048,119.61380360314641,84.80757844878626,0.4022667681637486,11823.0,0.5509280376757949,0.9723661485319517,0.6053307666759428,188.30164958360024,0.7862740594949882,10.034460776077237,medium,img/coffee/medium\medium_011.png
20.319761904761904,127.89321428571428,69.04369047619048,0.6998809523809524,8400.0,0.447633552314315,0.9412819363514119,0.294918609106698,107.28999839846252,0.8474165035845967,10.507976176303854,medium,img/coffee/medium\medium_012.png
20.008499965164077,125.33038389186929,88.48867832508883,0.3560231310527416,14353.0,0.8545998102699748,0.9859861235144604,0.5856686250655935,185.45507687379884,0.73832963724668,9.84261030566931,medium,img/coffee/medium\medium_013.png
28.512649722465675,120.69786736780601,101.80537540169442,0.24925503943908853,17115.0,0.4767309981476943,0.9573753985568049,0.4133886835567549,242.9849055092889,0.6905575291802533,10.302241087233694,medium,img/coffee/medium\medium_014.png
16.85808857099376,137.737026327804,94.69258864708569,0.34659869121899256,13142.0,0.3627401027510993,0.9465571881302218,0.38164509977377575,244.79704516335687,0.757890331224827,8.885877528579861,medium,img/coffee/medium\medium_015.png
18.72173440049732,134.08819644105992,74.91157044059368,0.6033879866345482,12869.0,0.4079447401812047,0.9533298762871324,0.40108841929432854,216.44218449711724,0.7625008265142192,10.399624769250908,medium,img/coffee/medium\medium_016.png
21.121721415839062,114.32476020711314,71.69815805109923,0.5749087513793396,11781.0,0.7603245398472467,0.9807692307692307,0.39100795337043526,154.4317745035234,0.7923764023306822,10.097159215150796,medium,img/coffee/medium\medium_017.png
20.706909904483265,123.14774976335944,84.38920919025901,0.4088288443335341,11621.0,0.5687494748006507,0.9704384133611691,0.6521630980705097,193.93758007687387,0.7849086702726238,10.31502553976489,medium,img/coffee/medium\medium_018.png
17.76209775472157,136.20199400178325,85.50620085920401,0.4103104482451163,12337.0,0.5644260027942648,0.9751027505532722,0.6572472952408768,209.18029308135817,0.773575708014923,10.037348642575425,medium,img/coffee/medium\medium_019.png
19.451449608835713,140.1525869436592,73.48859378081652,0.6178423509302479,15211.0,0.7195680498447714,0.9743146297719703,0.6397036950371063,162.3627482383088,0.7315427909489346,9.537700056437936,medium,img/coffee/medium\medium_020.png
22.631892078865445,141.50397786233137,55.471878242822555,0.8359045313040471,14455.0,0.604050405092393,0.9770853048533189,0.6662713574606551,204.00596572709804,0.7406319479406439,10.443395516160138,medium,img/coffee/medium\medium_021.png
23.947272395548257,152.16085872407712,66.75557988201666,0.7282734294228547,16443.0,0.8523137728639619,0.9859095814845905,0.5794540999383759,113.28759609224858,0.7248525733746947,8.37887131678222,medium,img/coffee/medium\medium_022.png
15.92589452263863,155.0530778361879,103.88985925046634,0.20747837883669662,11794.0,0.5126366826452916,0.9587838387122998,0.6242407727603132,216.92745035233827,0.7880939845918129,9.30067739942094,medium,img/coffee/medium\medium_023.png
20.058286643773723,130.24923188143865,78.47478763780951,0.5090366889571661,11066.0,0.8624409822781864,0.9853085210577864,0.3654847505380295,154.45888052530432,0.7995938625734744,10.170771045971676,medium,img/coffee/medium\medium_024.png
18.823196235622166,132.86084001394215,88.06003834088533,0.39891948414081563,11476.0,0.5792527951978667,0.975104087008242,0.7110064866983853,156.82303010890456,0.792425196613359,9.843382057525057,medium,img/coffee/medium\medium_025.png
19.265488756310233,130.21064708581918,76.0647850696038,0.5743460302891235,13074.0,0.6645852303716664,0.9755988359077681,0.6434782863931306,186.86346893017298,0.7589607169074671,10.246925697005004,medium,img/coffee/medium\medium_026.png
18.845344488812827,156.57964124992077,98.84832350890537,0.2511250554604805,15777.0,0.43560005224521336,0.9490495668912415,0.7448022463245687,224.6730861627162,0.7104096378152177,9.635919134054673,medium,img/coffee/medium\medium_027.png
18.116065154902586,167.28546790162886,61.00740977323539,0.7519642286809326,15655.0,0.7670922139788947,0.9855209316965691,0.7026151519819658,185.33504163997438,0.7282288966321996,10.080133540599814,medium,img/coffee/medium\medium_028.png
24.659737620103474,98.01210273466371,78.84626755358462,0.5397265336289726,10824.0,0.31225329027275067,0.9351187904967603,0.650423797057922,242.96404548366436,0.7972016018017006,10.12637348417931,medium,img/coffee/medium\medium_029.png
24.394792840155212,127.03191888847165,58.680873701339344,0.7981599699586932,15978.0,0.8341545763893504,0.9828381620225134,0.6629419988407087,181.66039397821913,0.7200980641618037,9.967836145365794,medium,img/coffee/medium\medium_030.png
18.800739744451917,160.46603900470745,73.83981170141224,0.5679892400806994,14870.0,0.649062875162676,0.9750819672131148,0.7037477576386528,145.5348734785394,0.7347892729667594,9.992019678278774,medium,img/coffee/medium\medium_031.png
17.902828435758035,125.74475259789416,84.24588810130066,0.48227926501961327,14531.0,0.659801163888209,0.9761520892113396,0.5764534184945953,243.96732863549016,0.7329319795836491,10.226669442766319,medium,img/coffee/medium\medium_032.png
22.93876076353345,86.56325645812007,79.7619678448847,0.472210513638827,16607.0,0.462385159731753,0.9435259360263621,0.4975483796222645,147.58440102498403,0.7236269888721827,7.712201583880203,medium,img/coffee/medium\medium_033.png
17.24669806964071,138.273113512515,76.90108063175394,0.5776299990763831,10827.0,0.5128622387556019,0.9679928475637014,0.6085574511132212,162.83656310057657,0.80129139079033,10.170688204794775,medium,img/coffee/medium\medium_034.png
20.575928120063192,120.6079186413902,79.4125197472354,0.5300157977883097,10128.0,0.3089698949141445,0.9046087888531619,0.7016744365614751,152.762331838565,0.8168619796875981,9.995883877131018,medium,img/coffee/medium\medium_035.png
17.96496904895892,147.7783483398987,87.66150815981992,0.3691615081598199,14216.0,0.41418791406690625,0.9447730444606899,0.6658774354209253,214.48782831518264,0.7367909904342528,10.341757379274789,medium,img/coffee/medium\medium_036.png
19.226989846053062,146.644065946064,89.98001965280052,0.3792990501146413,9159.0,0.2784639167482695,0.8977651440893942,0.4913161321268771,196.31854580397174,0.8306436640147544,10.078958954456994,medium,img/coffee/medium\medium_037.png
17.750938318815948,152.897174421075,137.6008781247787,0.09156575313363076,14121.0,0.4404914985679192,0.9620520506881046,0.5481886276789224,312.3500960922486,0.7375461278581612,9.854664061345105,medium,img/coffee/medium\medium_038.png
20.130629231629293,124.14218274426983,61.33318839679483,0.6846387974408349,16099.0,0.8593332706812229,0.9837457989611976,0.6013281978399513,244.35333920563744,0.7131749000884182,10.40105471070032,medium,img/coffee/medium\medium_039.png
21.527030832042797,114.14662818527383,81.99472054061664,0.4219343939180628,14206.0,0.43672776696306165,0.9535508121895556,0.7102259183992471,149.58564221652793,0.7574127930607165,9.197846403740984,medium,img/coffee/medium\medium_040.png
21.983707049524117,151.3712695596064,60.57460880787224,0.7449588643329569,12398.0,0.6336723821131967,0.9714017080623678,0.6445402577199599,162.6033392056374,0.7830300753963312,9.555507745591509,medium,img/coffee/medium\medium_041.png
21.514093508240833,135.26754120417087,86.92909519004372,0.391321897073663,14865.0,0.565460840615125,0.9701736065787756,0.42198387121173875,154.96020179372198,0.7356007438138179,9.448372832790778,medium,img/coffee/medium\medium_042.png
19.36601010755475,118.63794220552028,81.48658805235195,0.4333938058831152,15434.0,0.5674727490507067,0.9678309399887126,0.5390392887039008,198.3347213324793,0.7255531025320926,9.985238771388858,medium,img/coffee/medium\medium_043.png
21.156467068904323,141.95563555240076,105.50002535111291,0.21300005070222583,19723.0,0.3835151493278641,0.9430975947974943,0.6017733925649099,225.29416239590012,0.6475961665905051,9.61820630630547,medium,img/coffee/medium\medium_044.png
20.07155429708426,137.1962960128568,82.36787326853907,0.4561108134996556,13067.0,0.38723609708702106,0.9375762359187774,0.5365986999016429,215.18405669442666,0.7592397660413014,10.31795522307929,medium,img/coffee/medium\medium_045.png
17.275241751990897,155.74452502844142,81.93586461888509,0.44205062571103526,14064.0,0.6761779876539262,0.9800013936311058,0.6141357545068052,188.1663196668802,0.7434247716456778,10.316778992442803,medium,img/coffee/medium\medium_046.png
23.10557826262161,103.9146853951989,87.77566058373151,0.422658453744747,17371.0,0.4549836480463884,0.9635032447723113,0.44895455462891304,199.6779308135811,0.700529613040203,9.617120968697565,medium,img/coffee/medium\medium_047.png
17.82087256168851,148.62143868069657,85.37517691219001,0.37179250507661066,16251.0,0.7651596101587019,0.9821709174422821,0.6747601457348227,153.91379724535557,0.7115727973580099,9.095646963798456,medium,img/coffee/medium\medium_048.png
20.260375849660136,128.5421031587365,73.79176329468213,0.5576969212315074,12505.0,0.7625719614352117,0.9818624371859297,0.5118534808862322,150.01761691223572,0.7783068318547017,10.494152797097875,medium,img/coffee/medium\medium_049.png
21.313181720966707,115.8308975547159,68.1052256362729,0.5957082768945605,14027.0,0.8641256098451306,0.9818703625927482,0.5901984500692329,215.50516495836004,0.7502426287522455,10.304718544085981,medium,img/coffee/medium\medium_050.png
19.898185857089967,137.02539800074047,81.63457978526472,0.47656423546834503,13505.0,0.7233385238867591,0.9779145546705286,0.6653178929208103,155.4224055092889,0.7559177316397916,8.859949570969437,medium,img/coffee/medium\medium_051.png
22.24400330851944,112.05872622001654,71.19262935391967,0.6703427993750575,10881.0,0.3721936083327157,0.9327903986283754,0.27542462006970003,163.4038677130045,0.8021134280887384,10.328212027077464,medium,img/coffee/medium\medium_052.png
28.799444444444443,131.53512345679013,90.7446913580247,0.37598765432098763,16200.0,0.5402912369817188,0.9571639586410635,0.4926516799727349,183.2537235746317,0.7159740787503256,9.791968891937207,medium,img/coffee/medium\medium_053.png
22.161458686368874,134.78736528163762,59.86151969091032,0.7600488036331594,14753.0,0.8611387944067018,0.9837300793492032,0.38428380960984465,160.75948910954517,0.7422099589456537,10.260036460478801,medium,img/coffee/medium\medium_054.png
29.777305360005577,125.22443716456402,54.00738830417509,0.7816268209381753,14347.0,0.4966982638338881,0.9292098445595854,0.5414656544774501,174.6036995515695,0.7535629591908187,10.014965195005905,medium,img/coffee/medium\medium_055.png
24.000840336134456,133.87196333078685,119.87769289533995,0.11512605042016806,13090.0,0.35278340927425755,0.9349332190557818,0.408749227130335,228.99807815502882,0.7609190922382811,9.756013261892019,medium,img/coffee/medium\medium_056.png
19.661747343565526,123.02723899477147,80.11182324169337,0.4804351492663181,11858.0,0.8566870840915235,0.9864403959737127,0.6664956820325229,135.0015614990391,0.786693791727234,9.98413087505004,medium,img/coffee/medium\medium_057.png
21.678019181835975,137.3617146212566,86.83773732628694,0.3949239903438377,15327.0,0.39768080234213055,0.9372019077901431,0.5528709582070368,214.17845131326084,0.721349252235322,9.988646395083771,medium,img/coffee/medium\medium_058.png
20.501819083843227,116.71456920787168,78.41028609227716,0.464775921944766,12094.0,0.7595826343157236,0.9810188189487346,0.5160302930485229,164.88725176169123,0.7824892713102802,10.287513315914156,medium,img/coffee/medium\medium_059.png
24.315423063191716,145.70224919671546,62.01439961918363,0.7008806378674283,16806.0,0.8376032728234761,0.9822326125073056,0.5955344438704513,108.33259929532352,0.7311941990410589,8.658092803286268,medium,img/coffee/medium\medium_060.png
17.060199442733538,128.98489514591583,73.43019504326148,0.6198856137263529,13638.0,0.49672049972014626,0.9604901753644622,0.25989289746415734,234.84933536194748,0.7525999408582138,10.283364690082816,medium,img/coffee/medium\medium_061.png
19.565602322206097,131.46523947750362,75.49455732946299,0.5338896952104499,13780.0,0.6475982158992312,0.9747471174931032,0.7360900870681588,202.13316784112752,0.753310481979498,10.07406233872106,medium,img/coffee/medium\medium_062.png
17.6794422543437,129.05978975032852,85.12906993721711,0.4196963060300774,13698.0,0.4806177044519453,0.9633588859976089,0.6543731340864597,178.29956758488152,0.7489318247768567,10.332682053629977,medium,img/coffee/medium\medium_063.png
17.878549154767768,138.20966683078944,84.00303627113081,0.4501066797964878,12186.0,0.43225563711051146,0.9492132730954977,0.6670089499502965,209.99819827033957,0.7751000717638366,10.385872692021952,medium,img/coffee/medium\medium_064.png
17.311246200607904,133.76526270082502,82.40963960052106,0.41389491966999564,11515.0,0.8575554532052363,0.9853671059387301,0.6505393267900613,149.2990470852018,0.789324653857681,10.460392476425904,medium,img/coffee/medium\medium_065.png
18.243356643356645,158.01387842926303,63.32791823561055,0.6890263582571274,18590.0,0.8692244785614227,0.987778958554729,0.6016710602537602,212.98414477898774,0.6712054101987756,10.001942960420223,medium,img/coffee/medium\medium_066.png
18.379162702188392,115.50666032350142,82.27878211227403,0.4647161433555344,12612.0,0.8725402363089098,0.9848508511635171,0.4835986363302746,159.17817104420243,0.7718113208937114,9.588018729286762,medium,img/coffee/medium\medium_067.png
19.346926581522144,114.94129509298678,81.36679363656734,0.43274329673612666,13389.0,0.7340460133856049,0.9825346738093491,0.5484700771092818,181.41439782190906,0.7566212924816733,10.252171662359613,medium,img/coffee/medium\medium_068.png
21.539670527970195,133.50276500378368,62.878339833517664,0.6128412596775132,17179.0,0.8430485566588722,0.9822745725884842,0.3429270234603883,150.9034272901986,0.7096685065944218,10.12350415405475,medium,img/coffee/medium\medium_069.png
19.02271697624749,132.36159471878844,81.8850559834315,0.5051452980389619,15451.0,0.33781331301838924,0.9094708340691036,0.5847670323895333,230.8759609224856,0.7196956553567321,9.444568386976567,medium,img/coffee/medium\medium_070.png
20.24480559555647,111.31296715353494,89.32771034766509,0.37886580264691766,14583.0,0.49601148822145885,0.9699368141004323,0.7071887957162464,319.52106021780924,0.7278391371406976,10.268143840819162,medium,img/coffee/medium\medium_071.png
17.77625846236343,143.12319860580467,82.45820765466854,0.4675916616395201,14919.0,0.2744897883805193,0.9085317581146093,0.6672212728932108,274.38096572709804,0.7191189764554449,9.864483825859812,medium,img/coffee/medium\medium_072.png
18.45255282845518,130.70927943299645,82.83258957868486,0.4396902480640504,15238.0,0.35509392431245856,0.9395153831925519,0.5865222985729623,337.45872037155675,0.7163804149166669,10.784153176649701,medium,img/coffee/medium\medium_073.png
18.599143498062674,141.57521582489295,88.62680987016519,0.3025627081775542,14711.0,0.605565419487928,0.9662397372742201,0.44049197741351115,143.47841928251128,0.7391363294035873,9.490772963302971,medium,img/coffee/medium\medium_074.png
21.30091645838067,106.55752480496857,75.22706960539271,0.549647807316519,13203.0,0.8571942760696731,0.9825122786128888,0.4432870459468233,160.18049327354262,0.7658374638844505,10.217557790776805,medium,img/coffee/medium\medium_075.png
17.22383241758242,139.20048076923078,89.54443681318682,0.3429945054945055,14560.0,0.4912041324115662,0.9565731555088365,0.5511119890945007,173.82018737988471,0.7345681341828719,9.244166691824658,medium,img/coffee/medium\medium_076.png
17.704426217394516,124.7576294982635,81.75260474395921,0.5174757998965491,13533.0,0.4223777081433019,0.9598553088871551,0.4413539651458823,181.64533952594493,0.7556693555973866,10.110707659340939,medium,img/coffee/medium\medium_077.png
22.139059950523713,155.32733301752725,62.35143954944997,0.6890362650665824,18999.0,0.770596765083746,0.9841491841491842,0.6734559389987211,183.18517777065986,0.6809847183783585,9.839619627995136,medium,img/coffee/medium\medium_078.png
16.631596666947228,149.7918525376652,105.34534130123727,0.1651376146788991,11881.0,0.3151013294937312,0.9179479255195859,0.595932539963093,216.87483984625237,0.7778162680967453,9.79875181286897,medium,img/coffee/medium\medium_079.png
20.69443990188062,134.5386753883892,82.3289452166803,0.48806214227309896,12230.0,0.24821112481090293,0.8857184241019699,0.35318810576693294,223.80389173606665,0.7702277407120534,10.296566690891197,medium,img/coffee/medium\medium_080.png
18.034049746438058,119.75990099009901,99.80179908234726,0.2781333011349916,16564.0,0.6025010719394858,0.971552583729251,0.6214276127135135,267.31189942344656,0.7010597831320753,9.880749405713745,medium,img/coffee/medium\medium_081.png
18.4404927353127,127.37694251421352,91.33278584965255,0.28654453569172456,15830.0,0.6255165483300873,0.979457987872788,0.6259212532244846,180.75520499679695,0.725672810982626,8.444451705562377,medium,img/coffee/medium\medium_082.png
19.896622123236824,144.09929472902746,102.8641425389755,0.28167532788913635,16164.0,0.22062671666360034,0.9035720275029347,0.507185060070751,315.0176169122358,0.6994683819903131,9.8014829101683,medium,img/coffee/medium\medium_083.png
20.390593975151756,162.0291598116526,64.2538151699098,0.7111249787258184,17627.0,0.5372332965669414,0.9764569022822955,0.7047653814467543,166.6837363869315,0.695655240302606,9.296542152502042,medium,img/coffee/medium\medium_084.png
18.65252676805565,124.12350814976472,88.10802700675168,0.3469958398690582,14663.0,0.5322923350810425,0.9591182626896912,0.7170915781522111,277.47169282511214,0.7293624971684352,10.357143020263074,medium,img/coffee/medium\medium_085.png
21.091134691083347,143.42084545610132,87.73309943522163,0.32526099606366593,11686.0,0.5851522042081622,0.9586546349466776,0.4136054415498092,136.91151505445228,0.7862297154916856,10.059935035212717,medium,img/coffee/medium\medium_086.png
19.806972327726534,151.12533912099838,55.08247422680412,0.8336272381985893,14744.0,0.7150832841809746,0.9809713905522289,0.4830061421801756,147.7940823190263,0.7478575511130645,10.14039645673574,medium,img/coffee/medium\medium_087.png
19.004403244495943,131.69996137504828,76.10683661645423,0.5419853225183469,12945.0,0.8594323125950123,0.9843357919549844,0.5984164865548716,111.77742632927612,0.773525431707504,9.1554202473817,medium,img/coffee/medium\medium_088.png
23.215571899568857,143.05680953588637,61.69483895511032,0.7612858229774283,15772.0,0.8592472921901632,0.98575,0.4530146570108812,110.97409513132607,0.7305011216098062,9.381861909299838,medium,img/coffee/medium\medium_089.png
24.96235515189477,156.1302223614156,97.48462261196367,0.2735984967115565,15965.0,0.3999421035890337,0.9365833626657281,0.5125249002272189,206.50152146060213,0.7142944522181032,9.981519219393267,medium,img/coffee/medium\medium_090.png
20.157870967741935,132.72793548387097,76.8578064516129,0.5047741935483872,15500.0,0.7719477107755311,0.9845645683795973,0.3971896178167895,170.43661915438824,0.7265268758068859,9.819614135275755,medium,img/coffee/medium\medium_091.png
18.145012196687638,131.27365515470535,95.39260495570677,0.25080241366029016,15578.0,0.5133133848011461,0.956938386878801,0.5159762560352742,221.0974135169764,0.7183570930039553,9.04432924943069,medium,img/coffee/medium\medium_092.png
26.234443246922684,124.77100232571331,128.39355607238073,0.07998184809121334,17629.0,0.30854742978143135,0.9360696649498221,0.5523394028964694,314.69478699551576,0.6859016552611966,8.217337027318163,medium,img/coffee/medium\medium_093.png
18.793344677632824,122.50945358290792,76.19389298544148,0.5583286065418793,10578.0,0.3959826257238213,0.9395150546229682,0.6857380987463783,163.9470691864189,0.8086435858282992,10.465608601791672,medium,img/coffee/medium\medium_094.png
19.795727928847416,131.23642195815412,83.38317416344682,0.42698840854414233,13717.0,0.8428404822893844,0.9839322860626928,0.6695801603188412,151.9297325432415,0.7552464801987048,10.020233243687374,medium,img/coffee/medium\medium_095.png
22.248902694307517,125.37956647984333,69.56627726382605,0.5758660274157607,14809.0,0.606361899974822,0.9695561084195364,0.5470916276493843,204.6356902626522,0.7423308477948964,9.781892665543252,medium,img/coffee/medium\medium_096.png
20.491289796618897,114.86861752338454,65.61872479189908,0.7748219342658543,11653.0,0.6310796421132179,0.9661719592073625,0.5769150174978822,143.63933376041,0.7911204195292203,10.051725984182225,medium,img/coffee/medium\medium_097.png
21.904222714115445,120.06308530563597,82.68389238889834,0.43393495658096376,11746.0,0.647743845396345,0.9744483159117305,0.6696116456366772,130.65859224855862,0.7924033446991487,9.706170797691264,medium,img/coffee/medium\medium_098.png
25.52632253106187,101.03394389650313,87.55258101703599,0.4355065966440374,15614.0,0.42200552213616044,0.9490639435934841,0.7396636198041476,269.9342568866112,0.7186204835446892,9.44080100560386,medium,img/coffee/medium\medium_099.png
20.753252128666038,119.2105605487228,64.24810785241249,0.6529683065279092,16912.0,0.5482295548171021,0.9711168532873959,0.5763329502514366,204.71656790518904,0.7044375875020105,9.921979329921085,medium,img/coffee/medium\medium_100.png
22.37416382683327,139.31427489587279,55.87618326391518,0.7689637763473431,15846.0,0.6506692786200916,0.9724455354403191,0.5469396466467938,172.6673206278027,0.7338939329083314,10.0937678442909,medium,img/coffee/medium\medium_101.png
20.606981297684154,123.74221862129498,85.77131861454325,0.434744446695024,14811.0,0.8399877741166427,0.986150875557627,0.6477412072423231,225.57034753363237,0.7322799686793391,9.763373740603711,medium,img/coffee/medium\medium_102.png
21.32363599244628,101.43127647629255,94.03368549992344,0.3630378196294595,19593.0,0.344209038391239,0.9450151931703082,0.5430362714430647,229.25840807174893,0.6634341857514734,8.933614556661897,medium,img/coffee/medium\medium_103.png
20.083754762729477,131.03318323519224,86.39002424662279,0.3563560789747142,14435.0,0.4088676828046121,0.9528681761172355,0.6310895724808608,181.10189782190906,0.7401117222536242,9.18557673763964,medium,img/coffee/medium\medium_104.png
19.979114656274735,134.18906411739633,84.1670827498021,0.43353833039030626,16423.0,0.7504296474853579,0.975874977717036,0.4860852245182976,144.92781069827035,0.7122919437261609,9.632682038152957,medium,img/coffee/medium\medium_105.png
20.896444747781846,124.9077992182168,58.81770801017559,0.7873673760625427,16117.0,0.8632393179920694,0.9844847596359416,0.4141735821958616,99.30421204356182,0.7334298356507405,8.179997297404352,medium,img/coffee/medium\medium_106.png
17.15101387406617,142.6960156527926,86.41586623977233,0.39407684098185697,11244.0,0.3402678384586745,0.9324929507380992,0.7047890725940404,167.41379724535557,0.796143462837442,9.143759979629754,medium,img/coffee/medium\medium_107.png
18.048157606712877,132.0655782561109,81.10899306822327,0.5031922655964977,10964.0,0.4819446916539976,0.9602382203538273,0.45971564558946904,139.8688340807175,0.8018338705227723,9.299084922683516,medium,img/coffee/medium\medium_108.png
16.0745483110762,146.3076983503535,86.47981146897094,0.3681068342498036,12730.0,0.33399060798714025,0.9209955143973376,0.6074567605462959,212.9370195387572,0.7611165265222941,10.633913987346107,medium,img/coffee/medium\medium_109.png
25.970682049541907,93.57237869019342,103.15310485239226,0.3152358330505599,14735.0,0.1699665131699085,0.8900096641700894,0.614910301225769,498.28022901985923,0.7258930924668416,10.329526491601602,medium,img/coffee/medium\medium_110.png
19.192735527809308,131.19674612183124,96.8775633749527,0.2480514566780174,13215.0,0.8321669728614816,0.9871517143497422,0.7208773202658547,257.17837123638697,0.7528771044359369,10.52470354303639,medium,img/coffee/medium\medium_111.png
28.83911196382075,129.27614087981362,61.809853364396325,0.7464026312183089,14594.0,0.5488056769593758,0.9697009966777409,0.6311882853381756,190.27106021780912,0.7404057031311663,10.219458083860957,medium,img/coffee/medium\medium_112.png
18.97286388474913,118.33823894684551,92.3980998509687,0.29030054644808745,16104.0,0.4899212154744376,0.9547637398470386,0.5421736313213852,256.37267777065995,0.7087755628299643,10.316050552185757,medium,img/coffee/medium\medium_113.png
17.737610932223358,155.54920285871358,81.16092044294354,0.41396371632765255,12733.0,0.8736913916354826,0.9859078590785908,0.4662271284951819,124.43309577194105,0.7782632457619296,9.273851870157774,medium,img/coffee/medium\medium_114.png
24.56179683678461,129.06774824718735,92.51214739931518,0.3092287624327409,12266.0,0.4974328221976114,0.9465236515163207,0.5829931871566183,231.42144458680337,0.7755251214023883,9.667757242582615,medium,img/coffee/medium\medium_115.png
16.938304163669784,141.19883321345802,112.1004555262527,0.1480060736833693,12513.0,0.3032620469918637,0.8986641769606435,0.6149994659569996,276.5606982703395,0.7672043442361973,9.310612233795514,medium,img/coffee/medium\medium_116.png
21.709002175574764,140.60034103604397,122.15911095431294,0.11748103721996825,17007.0,0.48740924960662657,0.9433135503910367,0.5812921688848508,218.82767456758495,0.701258707661485,8.065501430622637,medium,img/coffee/medium\medium_117.png
17.946924573922274,162.27770242377778,90.45320516600813,0.3046529456861473,16957.0,0.48802274120347927,0.9701910973795629,0.6670958858757814,158.47113228699556,0.6977227304732776,9.850031415993405,medium,img/coffee/medium\medium_118.png
26.38230308509436,129.03226353260254,72.27257317210984,0.5847553395863939,17698.0,0.3823190206940258,0.9361049402306146,0.7195436613284427,218.93377642536834,0.6919539434973078,8.648787205269828,medium,img/coffee/medium\medium_119.png
18.490813341135166,144.530719719134,94.44991222937391,0.26372147454651845,17090.0,0.26513664910318246,0.9009436448943012,0.6380809102277619,321.4744154388213,0.6850629267718591,10.297891060338324,medium,img/coffee/medium\medium_120.png
18.083736415603994,135.2200515107733,75.8359821596834,0.5603995225830768,15919.0,0.8066489625656549,0.980898391767823,0.7110167102635127,244.01345291479825,0.7101807768247084,9.911447693015555,medium,img/coffee/medium\medium_121.png
19.46536489582197,121.47343732955166,80.41474855459802,0.49470928329878916,9167.0,0.8673620038528961,0.9862291554599247,0.6316377566018151,124.9449471492633,0.833323228804838,9.544793006069254,medium,img/coffee/medium\medium_122.png
21.667130181432924,136.56171368030724,66.0834326579261,0.6720301946762018,15102.0,0.835419671116563,0.984677577101128,0.6546373798139397,165.7832719410634,0.7365824859207358,9.839833913741828,medium,img/coffee/medium\medium_123.png
18.079889426399447,135.01050449205252,89.05397373876987,0.33697304768486525,14470.0,0.45932542938313287,0.9386960752513785,0.6540951488653085,200.2982463164638,0.7362704371824796,9.323365163680165,medium,img/coffee/medium\medium_124.png
17.16988842760768,146.5286066424494,87.31927867151012,0.38842760768033213,15416.0,0.6715325386173333,0.9746475311373838,0.4531298580661568,117.24035073670726,0.7314939576618564,8.966407429660824,medium,img/coffee/medium\medium_125.png
16.619880216383308,142.8155911901082,91.55738021638331,0.3643740340030912,10352.0,0.43679579393947987,0.9514705882352941,0.6521136824864914,182.14285714285714,0.8124637065053053,9.673878099849741,medium,img/coffee/medium\medium_126.png
18.072511295729484,131.36641888937473,88.44898702813,0.3394548899577321,13722.0,0.45764668851007057,0.9559038662486938,0.6176708207785729,200.45639814221656,0.7493516912455824,10.005655714199554,medium,img/coffee/medium\medium_127.png
24.564043158800555,102.93347454822268,91.07744754087508,0.36162044085523265,15107.0,0.7359525361683368,0.9831446049720162,0.7329306113180531,257.0976537475977,0.7256890745209686,9.594716787553129,medium,img/coffee/medium\medium_128.png
19.765349094939047,120.81906169190987,79.89368304396011,0.4665681566309568,13535.0,0.8385330808618997,0.9812948597114478,0.6396008962348634,171.04608424087127,0.7577149682798743,10.057267850361,medium,img/coffee/medium\medium_129.png
19.098354688410016,108.55853232382061,87.95449912638323,0.3961124053581829,13736.0,0.6506581427493258,0.9747374396820891,0.4932703175576673,219.07158872517618,0.7510360423266546,9.515020614837272,medium,img/coffee/medium\medium_130.png
18.00621657754011,138.93810160427807,85.47372994652406,0.4137700534759358,14960.0,0.4854223874454182,0.9631107963690207,0.6174604346072164,242.64730140935296,0.7214840636306133,10.348569514248334,medium,img/coffee/medium\medium_131.png
19.32209592027406,168.2995951417004,59.491902834008094,0.810183743382124,12844.0,0.6563576054781876,0.9769529170152886,0.34702213019259714,155.52138052530432,0.7752185428933053,10.17743741441388,medium,img/coffee/medium\medium_132.png
21.470006326565827,141.0053488238339,57.10870190372117,0.743141427503307,17387.0,0.596109840259758,0.9720467378543076,0.628795357900937,150.765134529148,0.7176227304622983,8.760683765292184,medium,img/coffee/medium\medium_133.png
17.02687296416938,151.0675217155266,87.94672909880565,0.30632464712269275,14736.0,0.39262702279012823,0.9467394796016704,0.673409771068646,224.07387091607944,0.7303484228235131,10.011566762681538,medium,img/coffee/medium\medium_134.png
21.023530900120186,107.14074261496616,97.32582706053513,0.2528939211841356,15809.0,0.36993686100784984,0.9389997624138751,0.6879369195350905,240.23426489429855,0.7178146560412559,9.26518014055614,medium,img/coffee/medium\medium_135.png
23.076462817623746,127.08602066982671,47.82974590100241,0.8104747843655296,12869.0,0.22586729778623627,0.8900954488864297,0.4841331741239621,249.5446428571428,0.783747060775794,10.329877936185714,medium,img/coffee/medium\medium_136.png
18.52251833488276,150.19646730709638,55.207674826980686,0.7863340563991323,19362.0,0.584219246960814,0.9739926555661753,0.5182465876357332,216.54988789237672,0.6729963632421098,9.984607419508476,medium,img/coffee/medium\medium_137.png
17.22640640294812,143.99107502735072,95.49703460586169,0.2569816318304831,17367.0,0.5066510518400742,0.963762486126526,0.6431824142327505,165.74615631005767,0.6867024236644708,9.53108046458881,medium,img/coffee/medium\medium_138.png
19.144066570188134,167.47387843704774,50.11179450072359,0.8882778581765557,13820.0,0.8552678651360566,0.985734664764622,0.5620173710781656,126.0233824471493,0.7626377322946387,9.410826064283183,medium,img/coffee/medium\medium_139.png
19.479949874686717,159.33208020050125,56.498087323572086,0.8174383326737897,15162.0,0.6255503346579202,0.9669642857142857,0.5862539524233528,167.65514894298522,0.7336340799875606,10.093743338553132,medium,img/coffee/medium\medium_140.png
18.22690917708395,120.13780437229694,98.53688014692814,0.25795367024112803,16879.0,0.6514283939069381,0.9778125362066968,0.6662709105562161,257.9609625240231,0.6941834019589141,9.943485244738358,medium,img/coffee/medium\medium_141.png
18.61802714461978,142.86525099032406,123.47821287096565,0.11663095006169232,15399.0,0.4465925853148665,0.9516129032258065,0.6117201074435322,231.18249519538762,0.7255311409394056,8.788023732260626,medium,img/coffee/medium\medium_142.png
21.97480652066524,109.7741643339371,77.94994236785773,0.525852132389264,12146.0,0.5864176963175135,0.9628220372572335,0.5100151995617263,216.32607303010892,0.7784807625677903,10.151939759274944,medium,img/coffee/medium\medium_143.png
19.607177608608552,109.96995020319386,89.97029362944308,0.3673516112414859,17471.0,0.7377206439139032,0.9844480757311095,0.7810171525881076,299.1136290839206,0.6766451448474994,10.407630426336468,medium,img/coffee/medium\medium_144.png
17.658496409039994,144.82769980892138,94.45516241681491,0.2617118007511366,15177.0,0.4186963808884969,0.9570563753310631,0.6894490049368682,219.8038917360667,0.720334180367902,10.135358635531707,medium,img/coffee/medium\medium_145.png
23.641853837280316,124.45518083734817,131.42478116305898,0.07179208794191491,14737.0,0.35124356896312725,0.9229083166332666,0.5971122119083849,270.2749439461884,0.7311263151829105,9.129362761306082,medium,img/coffee/medium\medium_146.png
19.660951647081486,136.2244911064021,52.608938547486034,0.7606755281577089,15573.0,0.8637472443429788,0.9862571247625079,0.5990927698251974,181.0546124279308,0.750402135090975,9.4997686545993,medium,img/coffee/medium\medium_147.png
20.881787365177196,158.33343605546995,60.92906009244992,0.7681972265023113,16225.0,0.7512509640585455,0.983452539701782,0.6827799226900871,165.70135329916718,0.7134987340653208,10.227331790760232,medium,img/coffee/medium\medium_148.png
20.935265378636466,139.44387075283146,45.535365312014214,0.8457139684654674,18012.0,0.8719178206321332,0.9867426317519448,0.3923177059288429,141.60794362588084,0.7248992098418024,9.29510934033713,medium,img/coffee/medium\medium_149.png
21.88547701815373,106.17445603192996,95.32065147418565,0.3226470966911291,15534.0,0.43723453329652273,0.9612623762376238,0.7215839648161657,299.16279628443306,0.7161315328646461,9.772292445338381,medium,img/coffee/medium\medium_150.png
